"Champaign, IL"
"Chicago, IL"
"Minneapolis, MN"
"Glacier National Park, MT"
"Seattle, WA"
"Pittsburgh, PA"
"Boston, MA"
"San Diego, CA"
"Miami, FL"
"Albuquerque, NM"
"Denver, CO"
"New Orleans, LA"
"Zion National Park, UT"
"Los Angeles, CA"
"San Francisco, CA"
"Canyonlands National Park, UT"
"Yosemite National Park, CA"
"Yellowstone National Park, WY"
"Knoxville, TN"
"Washington DC, DC"
"Philadelphia, PA"
"Greensboro, NC"
"Nashville, TN"
"St. Louis, MO"
"Las Vegas, NV"
"New York, NY"
"Niagara Falls, NY"
"Capitol Reef National Park, UT"
"Grand Canyon National Park, AZ"
"Arches National Park, UT"
"Bryce Canyon National Park, UT"
"Portland, OR"
